0.252701,-1.19645,0.0799965,-1.65502e-08,-3.07826e-09,0.122435,0.992477
0.252701,-1.19645,0.0799965,-1.65502e-08,-3.07826e-09,0.122435,0.992477
0.303999,-1.18376,0.0799965,-2.20174e-08,-9.23641e-09,0.119315,0.992856
0.355406,-1.17141,0.0799965,-4.78927e-08,1.54825e-08,0.114768,0.993392
0.40688,-1.15972,0.0799965,-1.33684e-08,-8.06297e-09,0.107338,0.994223
0.458471,-1.14864,0.0799965,-1.88114e-08,-2.69193e-09,0.103479,0.994632
0.510083,-1.13798,0.0799965,-1.88692e-08,-2.87847e-09,0.0994419,0.995043
0.561753,-1.12776,0.0799965,-1.76427e-08,-2.08561e-09,0.0950917,0.995469
0.613495,-1.11801,0.0799965,4.0524e-09,-8.2706e-09,0.0905357,0.995893
0.665303,-1.10876,0.0799965,-1.47961e-10,-1.00271e-08,0.0857792,0.996314
0.717192,-1.09988,0.0799965,-9.65808e-09,8.55046e-11,0.0832919,0.996525
0.76909,-1.09128,0.0799965,-1.22031e-08,-7.83566e-10,0.080539,0.996751
0.821037,-1.08301,0.0799965,-2.14205e-08,-4.76339e-10,0.0767048,0.997054
0.873024,-1.0752,0.0799965,-1.59727e-08,-9.31443e-09,0.0717783,0.997421
0.924966,-1.06797,0.0799965,-4.24334e-09,-7.03086e-09,0.0657785,0.997834
0.976962,-1.0614,0.0799965,-5.13683e-09,-9.68033e-09,0.0594595,0.998231
1.02904,-1.05551,0.0799965,-3.87594e-08,4.2877e-08,0.052017,0.998646
1.08093,-1.05056,0.0799965,-3.05262e-08,-9.50001e-09,0.0425601,0.999094
1.1337,-1.04653,0.0799965,-6.41842e-08,3.134e-10,0.0340594,0.99942
1.1883,-1.04325,0.0799965,-4.20077e-08,8.66057e-09,0.0256668,0.999671
1.24294,-1.04079,0.0799965,-3.60758e-08,6.76981e-09,0.0193267,0.999813
1.2975,-1.03903,0.0799965,-3.50622e-08,-6.85275e-09,0.0127489,0.999919
1.35202,-1.03797,0.0799965,-2.09776e-08,-3.89901e-09,0.00682769,0.999977
1.40648,-1.03752,0.0799965,-1.42243e-08,-7.84085e-09,0.00156942,0.999999
1.46085,-1.0376,0.0799965,-1.43362e-08,-7.80014e-09,-0.00306245,0.999995
1.51548,-1.03801,0.0799965,6.78443e-09,4.41653e-10,-0.00438865,0.99999
1.56985,-1.03849,0.0799965,7.37976e-09,4.30497e-10,-0.0044168,0.99999
1.6243,-1.03896,0.0799965,7.81149e-09,4.0769e-10,-0.00373082,0.999993
1.67877,-1.03932,0.0799965,3.02724e-10,5.44616e-10,-0.00282685,0.999996
1.73314,-1.0396,0.0799965,-1.12926e-09,4.76607e-10,-0.00221115,0.999998
1.78767,-1.03976,0.0799965,9.01537e-09,4.32097e-10,-0.000569848,1
1.8421,-1.03978,0.0799965,4.70261e-09,4.85051e-10,-3.54265e-05,1
1.89657,-1.03979,0.0799965,8.77557e-09,4.68079e-10,-0.000261008,1
1.95105,-1.03983,0.0799965,1.69223e-08,2.20335e-10,-0.000279665,1
2.00544,-1.03984,0.0799965,1.72367e-08,4.74179e-10,0.00031987,1
2.05996,-1.0398,0.0799965,1.06684e-08,4.71523e-10,0.000321821,1
2.11439,-1.03977,0.0799965,4.66691e-09,4.68579e-10,0.000283825,1
2.16886,-1.03975,0.0799965,-3.42743e-09,4.76498e-10,-0.000161789,1
2.22333,-1.03979,0.0799965,-5.31784e-09,4.74497e-10,-0.000818587,1
2.2777,-1.03991,0.0799965,-3.01664e-09,4.60695e-10,-0.00151249,0.999999
2.33221,-1.04008,0.0799965,6.87511e-09,4.52594e-10,-0.00151458,0.999999
2.38658,-1.04024,0.0799965,1.24379e-08,4.45677e-10,-0.00154941,0.999999
2.441,-1.04041,0.0799965,1.67495e-08,4.30593e-10,-0.00157283,0.999999
2.49546,-1.04059,0.0799965,1.40271e-08,6.12917e-10,-0.00179325,0.999998
2.54982,-1.04081,0.0799965,1.11251e-08,4.31114e-10,-0.00246613,0.999997
2.60432,-1.04111,0.0799965,6.34703e-09,4.38359e-10,-0.00310491,0.999995
2.65873,-1.04146,0.0799965,3.96832e-09,4.35086e-10,-0.00332745,0.999994
2.71318,-1.04182,0.0799965,1.13291e-09,4.61671e-10,-0.00333211,0.999994
2.76763,-1.04219,0.0799965,-1.24414e-09,6.37478e-10,-0.00354592,0.999994
2.82198,-1.0426,0.0799965,3.19009e-09,4.43775e-10,-0.00419864,0.999991
2.87648,-1.04306,0.0799965,1.37773e-08,4.05144e-10,-0.00420062,0.999991
2.93083,-1.04351,0.0799965,1.85295e-08,3.87549e-10,-0.00419543,0.999991
2.98528,-1.04397,0.0799965,2.00672e-08,3.81505e-10,-0.00419371,0.999991
3.03973,-1.04443,0.0799965,1.77772e-08,3.90103e-10,-0.00419374,0.999991
3.09408,-1.04488,0.0799965,1.26618e-08,4.12955e-10,-0.00419375,0.999991
3.14856,-1.04537,0.0799965,3.69792e-09,4.42347e-10,-0.00483135,0.999988
3.20295,-1.04592,0.0799965,5.19212e-10,4.54295e-10,-0.00547014,0.999985
3.25739,-1.04653,0.0799965,5.29967e-09,4.18184e-10,-0.00568288,0.999984
3.31182,-1.04715,0.0799965,8.93822e-09,4.13396e-10,-0.00568286,0.999984
3.36616,-1.04777,0.0799965,1.45818e-08,3.82333e-10,-0.00568287,0.999984
3.42064,-1.04841,0.0799965,1.65053e-08,3.56187e-10,-0.00632046,0.99998
3.47501,-1.04913,0.0799965,1.94738e-08,3.23012e-10,-0.00695934,0.999976
3.52938,-1.04991,0.0799965,1.39562e-08,6.85779e-10,-0.0078019,0.99997
3.58378,-1.05082,0.0799965,9.46919e-09,4.11977e-10,-0.00906864,0.999959
3.63807,-1.05186,0.0799965,3.88158e-09,2.93488e-10,-0.0103349,0.999947
3.6925,-1.05301,0.0799965,4.94006e-09,4.0313e-10,-0.0109317,0.99994
3.74684,-1.05422,0.0799965,4.40112e-09,4.06784e-10,-0.0115221,0.999934
3.80122,-1.05549,0.0799965,1.18291e-08,3.10235e-10,-0.0117186,0.999931
3.8556,-1.05676,0.0799965,1.72657e-08,2.61666e-10,-0.0117187,0.999931
3.89197,-1.05762,0.0799965,2.1086e-08,2.17618e-10,-0.0117188,0.999931
3.94635,-1.05889,0.0799965,2.53168e-08,1.68232e-10,-0.011719,0.999931
4.00068,-1.06015,0.0799965,2.99533e-08,1.22792e-10,-0.0112926,0.999936
4.05503,-1.06136,0.0799965,2.72135e-08,1.84279e-10,-0.0106542,0.999943
4.10947,-1.06249,0.0799965,2.1957e-08,2.5347e-10,-0.0100159,0.99995
4.16378,-1.06352,0.0799965,1.93172e-08,3.17197e-10,-0.00873886,0.999962
4.2182,-1.06442,0.0799965,1.52415e-08,4.36689e-10,-0.00745531,0.999972
4.27262,-1.06517,0.0799965,2.04155e-08,2.66293e-10,-0.00595295,0.999982
4.327,-1.06572,0.0799965,2.46788e-08,2.34599e-10,-0.00399496,0.999992
4.38148,-1.06606,0.0799965,3.03886e-08,4.36546e-10,-0.00202828,0.999998
4.43584,-1.06622,0.0799965,3.02966e-08,4.47679e-10,-0.000746311,1
4.49028,-1.06627,0.0799965,2.45334e-08,4.80331e-10,-0.000319419,1
4.54473,-1.0663,0.0799965,2.24418e-08,4.56231e-10,-0.000323448,1
4.59913,-1.06634,0.0799965,1.74301e-08,4.61182e-10,-0.000323379,1
4.65362,-1.06638,0.0799965,1.17268e-08,4.62318e-10,-0.000323304,1
4.70797,-1.06641,0.0799965,7.89139e-09,4.63437e-10,-0.000323219,1
4.76242,-1.06645,0.0799965,7.61682e-09,4.63257e-10,-0.000323093,1
4.81686,-1.06648,0.0799965,7.87959e-09,6.15101e-10,-0.000538742,1
4.87125,-1.06656,0.0799965,2.05689e-08,1.63804e-10,-0.000751337,1
4.92575,-1.06662,0.0799965,2.65613e-08,4.68518e-10,-0.00011199,1
4.98012,-1.06657,0.0799965,3.33649e-08,5.04296e-10,0.00119115,0.999999
5.03457,-1.06641,0.0799965,2.43509e-08,5.27927e-10,0.00162113,0.999999
5.08899,-1.06623,0.0799965,1.99707e-08,4.97705e-10,0.0016151,0.999999
5.14336,-1.06606,0.0799965,1.42128e-08,4.89064e-10,0.00161521,0.999999
5.19773,-1.06588,0.0799965,9.73972e-09,4.8177e-10,0.00161535,0.999999
5.25209,-1.06573,0.0799965,5.26164e-09,4.64502e-10,0.000977856,1
5.30659,-1.06554,0.0799965,4.43934e-08,-1.07141e-08,0.00399457,0.999992
5.36103,-1.06481,0.0799965,3.44944e-08,3.08068e-09,0.00857835,0.999963
5.41537,-1.06374,0.0799965,6.43587e-08,4.12408e-09,0.0112576,0.999937
5.46961,-1.06237,0.0799965,1.15302e-07,6.25764e-10,0.0139758,0.999902
5.52397,-1.06058,0.0799965,1.44748e-07,1.6206e-09,0.0189162,0.999821
5.57838,-1.0584,0.0799964,2.45125e-08,9.84702e-10,0.0196257,0.999807
5.63267,-1.05624,0.0799964,1.02802e-07,2.61194e-09,0.020649,0.999787
5.6871,-1.05388,0.0799963,1.71815e-07,4.48822e-09,0.023278,0.999729
5.74132,-1.05084,0.0799965,1.11518e-07,3.8946e-09,0.0329909,0.999456
5.79556,-1.04679,0.0799965,1.06059e-07,4.46258e-09,0.0415198,0.999138
5.84964,-1.04185,0.0799965,1.01538e-07,4.82309e-09,0.049256,0.998786
5.90363,-1.03608,0.0799964,6.19352e-08,2.81325e-09,0.0583239,0.998298
5.95755,-1.02918,0.0799965,1.47218e-07,8.36609e-09,0.0673134,0.997732
6.01131,-1.02166,0.0799965,1.63732e-07,1.04393e-08,0.0716275,0.997431
6.06514,-1.01367,0.0799965,1.60067e-07,1.07932e-08,0.07552,0.997144
6.11877,-1.00516,0.0799964,5.02734e-08,3.56592e-09,0.0829794,0.996551
6.17223,-0.99572,0.0799963,3.73806e-07,3.25134e-08,0.0900415,0.995938
6.22572,-0.985949,0.0799964,1.91412e-07,1.35542e-08,0.0899048,0.99595
6.27914,-0.976322,0.0799965,2.80632e-08,3.18907e-09,0.088184,0.996104
6.33269,-0.966646,0.0799964,-4.20894e-08,-3.00018e-09,0.0899907,0.995943
6.38619,-0.956797,0.0799964,-4.34628e-08,-4.56004e-09,0.0933537,0.995633
6.43953,-0.946186,0.0799964,-3.45108e-08,-4.0077e-09,0.103011,0.99468
6.49266,-0.934506,0.0799965,-4.04644e-08,-5.86929e-09,0.112668,0.993633
6.54547,-0.921891,0.0799965,-2.99978e-08,-4.66468e-09,0.121272,0.992619
6.59823,-0.908431,0.0799964,3.1178e-08,3.4365e-09,0.127717,0.991811
6.65073,-0.894299,0.0799964,4.03268e-08,4.94419e-09,0.134757,0.990879
6.70299,-0.879406,0.0799964,1.21531e-08,1.49673e-09,0.141465,0.989943
6.75517,-0.863935,0.0799964,1.19818e-08,1.39308e-09,0.14593,0.989295
6.8071,-0.847983,0.0799964,1.65118e-08,2.10027e-09,0.150988,0.988536
6.85899,-0.831361,0.0799965,-8.10885e-08,-1.52616e-08,0.157831,0.987466
6.91053,-0.814006,0.0799964,-2.45693e-08,-5.02191e-09,0.166014,0.986123
6.96178,-0.795732,0.0799965,-5.57004e-08,-1.19875e-08,0.174598,0.98464
7.01273,-0.776399,0.0799964,-1.22022e-09,-9.87352e-10,0.186182,0.982515
7.06319,-0.756196,0.0799965,1.72513e-07,3.73274e-08,0.1922,0.981356
7.11345,-0.735125,0.0799964,1.05768e-07,2.28856e-08,0.202369,0.979309
7.16326,-0.713012,0.0799965,8.51965e-08,2.3646e-08,0.213196,0.97701
7.21267,-0.689805,0.0799965,6.02596e-08,1.37652e-08,0.221932,0.975062
7.26169,-0.666003,0.0799964,1.20648e-07,1.51646e-08,0.225408,0.974264
7.31053,-0.641781,0.0799964,1.22234e-07,1.61408e-08,0.22957,0.973292
7.35916,-0.617183,0.0799964,2.78074e-08,7.21491e-09,0.234373,0.972147
7.40764,-0.592207,0.0799965,-3.96221e-08,-9.4394e-09,0.235859,0.971787
7.45608,-0.567196,0.0799965,-1.23236e-08,4.487e-10,0.235387,0.971902
7.5046,-0.542415,0.0799965,-3.52246e-08,-7.88861e-09,0.232759,0.972535
7.55322,-0.517774,0.0799965,-3.52188e-08,-7.93094e-09,0.231792,0.972765
7.6019,-0.493409,0.0799965,-2.80362e-08,-1.3997e-08,0.227783,0.973712
7.65079,-0.469352,0.0799965,-5.68207e-08,-1.26716e-08,0.226204,0.97408
7.6997,-0.445346,0.0799964,-7.15719e-08,-1.65106e-08,0.226526,0.974005
7.74856,-0.421248,0.0799965,-1.60771e-08,-2.6809e-09,0.226411,0.974032
7.79751,-0.397312,0.0799965,-1.50841e-08,-2.44373e-09,0.22419,0.974545
7.84649,-0.373594,0.0799965,-6.15458e-09,-1.10605e-09,0.222626,0.974904
7.89557,-0.349997,0.0799965,-4.11747e-09,-4.70996e-10,0.221921,0.975065
7.94474,-0.326452,0.0799965,-1.29679e-07,2.70574e-08,0.219035,0.975717
7.99404,-0.303458,0.0799965,-2.14504e-08,-3.02357e-09,0.214275,0.976773
8.04353,-0.280755,0.0799965,-8.15752e-09,2.33761e-10,0.212125,0.977243
8.09293,-0.258318,0.0799965,-4.01012e-09,-4.10838e-10,0.210637,0.977564
8.14251,-0.235961,0.0799965,-7.57248e-09,-1.16336e-09,0.209989,0.977704
8.19209,-0.213799,0.0799965,2.30237e-08,1.8172e-09,0.205631,0.97863
8.24184,-0.19222,0.0799965,-7.88853e-09,4.6419e-09,0.200705,0.979652
8.29191,-0.170851,0.0799965,-1.90434e-08,-3.40904e-09,0.199836,0.979829
8.34172,-0.149718,0.0799965,-6.50287e-09,-8.50602e-10,0.198435,0.980114
8.39178,-0.128621,0.0799965,-9.20606e-09,-1.40079e-09,0.19796,0.98021
8.44186,-0.107532,0.0799965,-9.54855e-09,-1.49962e-09,0.198046,0.980193
8.49177,-0.0863408,0.0799965,-4.60522e-08,-9.04169e-09,0.200208,0.979753
8.54184,-0.064958,0.0799965,-4.65842e-08,-9.09168e-09,0.200831,0.979626
8.59161,-0.0436716,0.0799965,-4.40435e-08,-8.54535e-09,0.200559,0.979682
8.64157,-0.022326,0.0799965,-4.18395e-08,-8.07718e-09,0.20045,0.979704
8.69155,-0.000977225,0.0799964,-5.28859e-08,-1.04803e-08,0.200966,0.979598
8.74135,0.0204317,0.0799965,-2.61813e-08,-1.14567e-08,0.201083,0.979574
8.79144,0.0416503,0.0799965,-2.36564e-08,-7.11167e-09,0.196599,0.980484
8.84142,0.0623803,0.0799965,-1.70967e-08,-5.38262e-09,0.193681,0.981064
8.89167,0.082937,0.0799965,-4.53284e-08,-8.4389e-09,0.192673,0.981263
8.94197,0.10344,0.0799965,-2.31331e-08,6.02834e-09,0.19006,0.981773
8.99216,0.123309,0.0799965,2.44603e-08,-1.44161e-09,0.183937,0.982938
9.04292,0.142741,0.0799965,-2.59085e-08,-5.61766e-09,0.179429,0.983771
9.09346,0.161581,0.0799965,-1.88857e-08,-2.94962e-10,0.175309,0.984513
9.14436,0.18006,0.0799964,3.33907e-08,-8.5899e-10,0.170531,0.985352
9.19543,0.198016,0.0799965,1.65412e-08,-6.72754e-09,0.165548,0.986202
9.24641,0.215383,0.0799965,2.36801e-08,-3.82544e-09,0.160816,0.986984
9.29803,0.231914,0.0799965,-8.81294e-08,-1.145e-08,0.147181,0.98911
9.34979,0.246838,0.0799965,-1.47734e-07,-5.38982e-08,0.132487,0.991185
9.40221,0.260185,0.0799965,-1.03476e-07,-3.97663e-08,0.115885,0.993263
9.45496,0.271692,0.0799965,-7.38869e-08,-3.26778e-08,0.0980447,0.995182
9.50765,0.281328,0.0799965,-7.89672e-08,-9.74762e-09,0.0810122,0.996713
9.56072,0.289188,0.0799965,-7.73429e-08,-1.23059e-08,0.0644187,0.997923
9.61341,0.295172,0.0799965,-7.78169e-08,-1.09349e-08,0.0478227,0.998856
9.66651,0.299506,0.0799965,-7.17778e-08,-7.58983e-09,0.0331698,0.99945
9.71957,0.302301,0.0799965,-4.80521e-08,-4.08149e-09,0.0195106,0.99981
9.77243,0.303672,0.0799965,-4.75386e-08,-7.25218e-09,0.00607996,0.999982
9.82501,0.303579,0.0799965,-5.11524e-08,-4.61646e-09,-0.00789039,0.999969
9.87771,0.301993,0.0799965,4.44551e-08,1.92764e-09,-0.0224284,0.999748
9.93012,0.298952,0.0799963,2.79329e-07,-5.25243e-09,-0.0356166,0.999366
9.98272,0.294534,0.0799963,3.1049e-07,-4.83167e-09,-0.0477269,0.99886
10.0352,0.288892,0.0799964,2.23053e-07,-3.78604e-09,-0.0594978,0.998228
10.0873,0.281992,0.0799965,5.84664e-08,-1.66899e-09,-0.0724282,0.997374
10.1396,0.273577,0.0799964,-7.58903e-09,4.46474e-09,-0.087119,0.996198
10.1915,0.263603,0.0799965,-2.17644e-08,4.90824e-09,-0.102331,0.99475
10.2404,0.252638,0.0799964,-1.85373e-08,2.0604e-08,-0.120552,0.992707
10.2866,0.240263,0.0799965,-2.07219e-07,3.34355e-08,-0.142174,0.989842
10.3326,0.225825,0.0799964,9.24148e-08,-9.00129e-09,-0.167814,0.985819
10.3775,0.20888,0.0799964,7.04699e-08,1.16077e-08,-0.19451,0.9809
10.422,0.189205,0.0799964,-7.62005e-08,2.97611e-08,-0.223934,0.974604
10.4665,0.166045,0.0799965,-9.7298e-08,-9.359e-08,-0.254037,0.967194
10.5121,0.139006,0.0799964,-9.44751e-08,5.56017e-08,-0.280708,0.959793
10.5525,0.111921,0.0799965,-1.21508e-07,3.16897e-08,-0.303838,0.952724
10.5938,0.0812874,0.0799965,-1.10373e-07,5.30484e-08,-0.324844,0.945768
10.6336,0.0489697,0.0799965,-9.63627e-08,3.51697e-08,-0.345341,0.938477
10.672,0.0150204,0.0799964,-1.55103e-07,6.90413e-08,-0.364982,0.931014
10.7091,-0.0204819,0.0799965,-9.65037e-08,3.49006e-08,-0.382049,0.924142
10.7464,-0.0592886,0.0799965,-1.18989e-07,5.54714e-08,-0.401048,0.916057
10.7822,-0.0996433,0.0799965,-1.05256e-07,5.21365e-08,-0.419433,0.907786
10.8166,-0.141473,0.0799965,-4.06819e-08,1.08401e-07,-0.434628,0.90061
10.8495,-0.184192,0.0799965,-9.59653e-08,5.12828e-08,-0.448838,0.893613
10.8809,-0.228128,0.0799965,-1.6433e-07,-5.62324e-08,-0.465743,0.88492
10.9008,-0.257695,0.0799965,-7.97863e-08,4.59966e-08,-0.474423,0.880297
10.9298,-0.303163,0.0799965,-8.48104e-08,5.00813e-08,-0.487372,0.873194
10.9575,-0.349453,0.0799965,-4.67204e-08,2.31183e-08,-0.497964,0.867198
10.9843,-0.396174,0.0799964,1.96968e-08,-8.75635e-09,-0.504373,0.863486
11.0103,-0.443401,0.0799964,9.38025e-09,-2.99705e-09,-0.513614,0.858021
11.0352,-0.491135,0.0799964,5.34039e-09,-9.29427e-10,-0.523317,0.852138
11.059,-0.539442,0.0799965,-5.55262e-08,3.83315e-08,-0.532574,0.846383
11.0819,-0.588262,0.0799965,-1.78326e-08,7.57276e-09,-0.539908,0.841724
11.1042,-0.637212,0.0799965,-6.72131e-09,8.14779e-09,-0.542229,0.840231
11.126,-0.686339,0.0799965,7.13772e-09,-1.26663e-08,-0.548569,0.836105
11.1471,-0.735697,0.0799964,1.91016e-08,-1.96381e-08,-0.553586,0.832792
11.1677,-0.785253,0.0799964,2.56596e-08,-2.56121e-08,-0.558239,0.82968
11.1877,-0.835097,0.0799965,-4.6598e-08,3.23472e-08,-0.561754,0.827304
11.2075,-0.885036,0.0799965,-6.4068e-09,1.25092e-08,-0.562589,0.826737
11.227,-0.934942,0.0799965,-1.16418e-08,7.66986e-09,-0.565404,0.824814
11.2463,-0.985144,0.0799965,-4.13048e-08,2.8956e-08,-0.566299,0.8242
11.2656,-1.03518,0.0799965,-1.72882e-08,1.12981e-08,-0.564986,0.825101
11.2851,-1.08513,0.0799965,-7.46357e-08,4.7453e-08,-0.562502,0.826796
11.305,-1.13501,0.0799965,-7.28956e-08,4.59075e-08,-0.558945,0.829205
11.3251,-1.18467,0.0799965,-1.68087e-08,1.193e-08,-0.560005,0.828489
11.3451,-1.2345,0.0799965,-2.83193e-08,1.96715e-08,-0.559208,0.829027
11.3652,-1.28422,0.0799965,-3.96589e-09,3.20145e-09,-0.559718,0.828683
11.3852,-1.33395,0.0799965,-4.25615e-08,3.17991e-08,-0.560176,0.828374
11.4053,-1.3837,0.0799965,-1.6192e-08,8.10919e-09,-0.559432,0.828876
11.4252,-1.43338,0.0799965,-9.89429e-09,5.82579e-09,-0.56118,0.827694
11.4451,-1.48326,0.0799965,-1.32721e-09,1.43845e-09,-0.56096,0.827843
11.465,-1.53305,0.0799965,3.58285e-09,-1.86257e-09,-0.560103,0.828423
11.485,-1.58279,0.0799964,-2.70802e-08,1.64401e-08,-0.558747,0.829338
11.5054,-1.63258,0.0799965,-1.18784e-08,7.84667e-09,-0.556587,0.830789
11.5259,-1.68204,0.0799965,-7.38474e-08,4.64029e-08,-0.553129,0.833096
11.5467,-1.73161,0.0799965,-6.13973e-08,4.15109e-08,-0.554812,0.831975
11.5672,-1.78115,0.0799965,-1.22997e-08,8.90359e-09,-0.556628,0.830762
11.5875,-1.83079,0.0799965,-1.79796e-08,1.28733e-08,-0.558682,0.829382
11.6076,-1.88062,0.0799965,-1.31511e-08,9.44304e-09,-0.559764,0.828652
11.6279,-1.93022,0.0799964,2.46665e-08,-1.69161e-08,-0.555527,0.831498
11.6485,-1.97986,0.0799965,3.59108e-08,-2.34077e-08,-0.555283,0.831662
11.6691,-2.02937,0.0799964,2.46119e-08,-1.71722e-08,-0.552909,0.833242
11.6902,-2.0787,0.0799964,-3.52508e-08,2.16452e-08,-0.549885,0.835241
11.7115,-2.12805,0.0799964,-2.54815e-08,1.91316e-08,-0.548322,0.836267
11.733,-2.17714,0.0799964,-4.26779e-09,-5.26643e-10,-0.545473,0.838128
11.7551,-2.2262,0.0799965,-6.99092e-08,4.32893e-08,-0.541432,0.840744
11.7774,-2.27499,0.0799965,-1.62383e-08,1.09249e-08,-0.538572,0.84258
11.8001,-2.32366,0.0799965,-1.17545e-09,7.36559e-09,-0.538053,0.842911
11.8225,-2.37249,0.0799965,1.96048e-09,9.41307e-09,-0.541156,0.840923
11.8448,-2.42134,0.0799965,-3.87986e-08,2.54966e-08,-0.540835,0.841129
11.8673,-2.47023,0.0799964,8.95701e-09,-5.85098e-09,-0.538126,0.842864
11.89,-2.51888,0.0799965,-3.31527e-08,2.15952e-08,-0.53646,0.843926
11.9128,-2.56747,0.0799965,-2.00814e-08,1.32044e-08,-0.535064,0.844812
11.9359,-2.61604,0.0799965,-1.8298e-08,1.17674e-08,-0.532907,0.846174
11.9591,-2.66447,0.0799965,-7.29458e-09,6.44557e-09,-0.53443,0.845213
11.9821,-2.71306,0.0799965,-2.46755e-08,1.61583e-08,-0.534451,0.8452
12.0051,-2.76156,0.0799965,-2.28602e-08,1.50135e-08,-0.534482,0.84518
12.0281,-2.81006,0.0799965,-1.59252e-08,1.04878e-08,-0.534337,0.845272
12.0512,-2.8586,0.0799964,-4.44854e-09,3.65615e-09,-0.533141,0.846026
12.0745,-2.90692,0.0799965,-1.67458e-10,1.55378e-10,-0.530552,0.847652
12.098,-2.95523,0.0799965,-4.04946e-08,2.55771e-08,-0.531495,0.847061
12.1214,-3.00358,0.0799965,-2.35948e-08,1.54586e-08,-0.530657,0.847587
12.1449,-3.05183,0.0799965,-1.27738e-08,8.53856e-09,-0.530155,0.847901
12.1683,-3.10023,0.0799965,-1.27823e-08,8.58606e-09,-0.532899,0.846179
12.1915,-3.14864,0.0799965,-2.98081e-08,1.93668e-08,-0.533778,0.845625
12.2145,-3.19718,0.0799965,-2.84889e-08,1.85824e-08,-0.534827,0.844962
12.2375,-3.24572,0.0799965,-3.64333e-08,2.35763e-08,-0.534681,0.845054
12.2605,-3.29422,0.0799964,1.42884e-09,-1.59427e-10,-0.533281,0.845938
12.2839,-3.34266,0.0799965,3.56896e-09,-2.04185e-09,-0.530588,0.84763
12.3072,-3.39097,0.0799965,-3.16775e-08,2.04562e-08,-0.532281,0.846568
12.3305,-3.43941,0.0799965,-3.24366e-08,2.08639e-08,-0.531296,0.847186
12.354,-3.48773,0.0799965,5.60354e-10,2.43213e-10,-0.529236,0.848475
12.3778,-3.53589,0.0799965,-4.17008e-08,2.35061e-08,-0.526157,0.850388
12.4022,-3.58381,0.0799964,-1.96946e-08,1.14026e-08,-0.519415,0.854522
12.4273,-3.63127,0.0799964,-1.96754e-08,1.11147e-08,-0.512234,0.858846
12.453,-3.67855,0.0799964,-1.28795e-08,8.27619e-09,-0.509661,0.860375
12.4789,-3.72565,0.0799965,-1.19934e-08,7.71907e-09,-0.509742,0.860328
12.5046,-3.77281,0.0799965,-4.90151e-08,2.77673e-08,-0.509915,0.860225
12.5307,-3.81995,0.0799965,7.21237e-09,-3.78536e-09,-0.506905,0.862002
12.5543,-3.86236,0.0799965,-1.47345e-08,8.5954e-09,-0.504493,0.863416
12.5758,-3.90003,0.0799964,5.00987e-08,-2.89041e-08,-0.499428,0.866356
12.5968,-3.93588,0.0799964,-4.77526e-09,2.01383e-09,-0.493953,0.869489
12.6155,-3.9668,0.0799964,3.07956e-09,-2.26156e-09,-0.487855,0.872925
12.6327,-3.99431,0.0799965,1.54446e-08,-8.4616e-09,-0.480927,0.87676
12.6493,-4.02008,0.0799964,2.36172e-08,-1.53417e-08,-0.475983,0.879455
12.6648,-4.04354,0.0799965,-6.74104e-08,3.31467e-08,-0.471881,0.881662
12.6779,-4.06308,0.0799965,2.12343e-08,-1.12246e-08,-0.467829,0.883819
12.6897,-4.08023,0.0799965,6.95193e-09,-3.42276e-09,-0.464822,0.885404
12.7001,-4.09514,0.0799965,-6.50066e-08,3.46272e-08,-0.461429,0.887177
12.7094,-4.10843,0.0799965,-5.8615e-08,3.06975e-08,-0.458489,0.8887
12.7189,-4.12175,0.0799965,-1.33347e-08,7.39264e-09,-0.457837,0.889036
12.7269,-4.13285,0.0799965,-1.93501e-08,1.04597e-08,-0.456752,0.889594
12.7339,-4.1426,0.0799965,-6.07724e-08,2.69795e-08,-0.451434,0.892304
12.7405,-4.15133,0.0799965,-1.89554e-08,6.77873e-09,-0.442561,0.896738
12.7443,-4.15634,0.0799965,-1.51544e-08,7.77559e-09,-0.439628,0.89818
12.7443,-4.15633,0.0799965,1.97516e-09,1.6369e-09,-0.448781,0.893642
12.7443,-4.15631,0.0799965,4.53584e-09,2.25723e-11,-0.467688,0.883893
12.7443,-4.1563,0.0799965,6.20415e-09,-1.24526e-09,-0.492871,0.870102
12.7443,-4.1563,0.0799965,-3.02172e-09,3.92451e-09,-0.515877,0.856663
12.7443,-4.15638,0.0799965,-4.87955e-09,-5.18217e-08,-0.537968,0.842965
12.7445,-4.15678,0.0799964,3.38452e-08,-6.59588e-08,-0.557742,0.830015
12.7448,-4.15746,0.0799964,5.40273e-08,-2.24613e-08,-0.575353,0.817905
12.745,-4.15814,0.0799964,5.43486e-08,-2.48141e-08,-0.591538,0.806277
12.7452,-4.15882,0.0799964,4.5324e-08,-2.04923e-08,-0.607491,0.794326
12.7454,-4.15952,0.0799965,9.75197e-09,2.5639e-09,-0.623209,0.782056
12.7455,-4.16024,0.0799965,-1.43247e-07,1.29458e-07,-0.638689,0.769465
12.7455,-4.16037,0.0799965,8.28511e-09,7.72974e-09,-0.653899,0.756582
12.7455,-4.16004,0.0799965,1.21615e-08,3.53923e-09,-0.668895,0.743357
12.7455,-4.1594,0.0799965,8.90943e-09,-1.23039e-08,-0.683596,0.72986
12.7455,-4.15899,0.0799965,-9.95889e-08,9.5821e-08,-0.690786,0.723059
12.7455,-4.15899,0.0799965,-5.92443e-08,5.7276e-08,-0.690792,0.723053
12.7455,-4.15899,0.0799965,-5.89995e-08,5.70431e-08,-0.690798,0.723048
12.7455,-4.15899,0.0799965,-5.87557e-08,5.68111e-08,-0.690804,0.723042
12.7455,-4.15899,0.0799965,-5.85129e-08,5.658e-08,-0.69081,0.723037
12.7455,-4.15899,0.0799965,-5.8271e-08,5.63499e-08,-0.690816,0.723031
12.7455,-4.15899,0.0799965,-5.80301e-08,5.61206e-08,-0.690821,0.723025
12.7455,-4.15899,0.0799965,-5.77902e-08,5.58923e-08,-0.690827,0.72302
12.7455,-4.15899,0.0799964,-5.75512e-08,5.56649e-08,-0.690833,0.723014
12.7455,-4.15899,0.0799964,-5.73132e-08,5.54384e-08,-0.690839,0.723009
12.7455,-4.15899,0.0799964,-5.70761e-08,5.52128e-08,-0.690844,0.723003
12.7455,-4.15899,0.0799964,-5.684e-08,5.4988e-08,-0.69085,0.722998
12.7455,-4.15898,0.0799964,-5.66049e-08,5.47642e-08,-0.690856,0.722993
12.7455,-4.15898,0.0799964,-5.63707e-08,5.45413e-08,-0.690861,0.722987
12.7455,-4.15898,0.0799964,-5.61374e-08,5.43192e-08,-0.690867,0.722982
12.7455,-4.15898,0.0799964,-5.5905e-08,5.40981e-08,-0.690873,0.722977
12.7455,-4.15898,0.0799964,-5.56736e-08,5.38778e-08,-0.690878,0.722971
12.7452,-4.15625,0.0799965,1.11315e-06,9.43551e-07,-0.69083,0.723017
12.7444,-4.1372,0.0799965,2.69985e-08,-3.03303e-08,-0.692505,0.721413
12.7436,-4.1172,0.0799965,1.19766e-08,-1.12912e-08,-0.693899,0.720072
12.7429,-4.0972,0.0799965,1.09029e-08,-1.00361e-08,-0.694929,0.719078
12.7422,-4.07719,0.0799965,1.06701e-08,-9.2262e-09,-0.696254,0.717795
12.7416,-4.05719,0.0799965,7.59994e-09,-6.81053e-09,-0.697567,0.716519
12.7411,-4.03718,0.0799965,8.95461e-09,-8.18466e-09,-0.698533,0.715578
12.7407,-4.01717,0.0799965,8.28228e-09,-7.53091e-09,-0.699952,0.71419
12.7403,-3.99716,0.0799965,8.00242e-09,-7.2907e-09,-0.700891,0.713268
12.74,-3.97715,0.0799965,7.38035e-09,-6.62811e-09,-0.70151,0.71266
12.7397,-3.95714,0.0799965,9.43258e-09,-8.79864e-09,-0.702103,0.712076
12.7394,-3.93713,0.0799965,5.88395e-08,-1.014e-07,-0.705099,0.709109
12.7396,-3.91713,0.0799965,9.95199e-08,-9.96499e-08,-0.715187,0.698934
12.7405,-3.89718,0.0799965,1.19579e-07,-1.24948e-07,-0.730041,0.683403
12.7423,-3.87725,0.0799964,-6.70095e-08,7.56251e-08,-0.746898,0.664939
12.7452,-3.8575,0.0799965,-5.68989e-09,1.02018e-08,-0.76712,0.641503
12.7493,-3.83744,0.0799965,2.03494e-08,-6.38816e-08,-0.784224,0.620477
12.7537,-3.82053,0.0799964,-1.77211e-08,2.52656e-08,-0.804732,0.593638
12.7567,-3.8111,0.0799964,-9.9627e-09,-2.87026e-08,-0.826925,0.562312
12.7582,-3.807,0.0799965,-3.70297e-08,7.39305e-08,-0.847756,0.530387
12.7571,-3.80908,0.0799965,3.65342e-08,-6.80229e-08,0.871223,-0.490888
12.7553,-3.81173,0.0799965,-1.33969e-09,-1.64284e-09,0.892445,-0.451155
12.7546,-3.8126,0.0799965,5.96993e-09,-1.42567e-08,0.912382,-0.40934
12.7533,-3.81393,0.0799965,1.0859e-07,-7.5921e-09,0.930436,-0.366453
12.7461,-3.81999,0.0799965,1.09171e-07,-4.27617e-08,0.946562,-0.322521
12.7352,-3.82759,0.0799965,2.12492e-08,-7.9903e-08,0.960454,-0.27844
12.7246,-3.83368,0.0799965,1.70334e-08,-7.79145e-08,0.972278,-0.233827
12.705,-3.84309,0.0799965,9.02711e-08,-1.77083e-07,0.982075,-0.188491
12.6755,-3.85332,0.0799965,2.27888e-08,-1.68734e-07,0.989648,-0.143517
12.6456,-3.86073,0.0799965,1.56873e-08,-1.7341e-07,0.995117,-0.0986991
12.6128,-3.86577,0.0799964,8.54934e-09,-1.83223e-07,0.998599,-0.0529149
12.5748,-3.86799,0.0799965,-7.3108e-08,-2.25878e-07,0.999992,-0.00399569
12.5351,-3.86629,0.0799964,2.87232e-08,-1.59417e-07,0.998965,0.0454814
12.4956,-3.86081,0.0799965,1.00543e-08,-2.64159e-07,0.995691,0.0927366
12.4476,-3.84942,0.0799965,-4.8989e-08,-2.32353e-07,0.989994,0.141107
12.3979,-3.8324,0.0799964,-2.3783e-08,-1.54231e-07,0.98214,0.188154
12.3506,-3.81155,0.0799964,-1.66419e-08,-1.51164e-07,0.972043,0.234804
12.3049,-3.78614,0.0799965,-3.79733e-08,-2.11063e-07,0.959406,0.282029
12.2613,-3.7557,0.0799965,-8.23083e-08,-2.762e-07,0.944742,0.327815
12.2202,-3.72089,0.0799964,-7.85404e-08,-1.45037e-07,0.928165,0.372168
12.1824,-3.68318,0.0799964,-6.77326e-08,-2.32798e-07,0.910023,0.414559
12.1482,-3.64206,0.0799964,-7.99116e-08,-1.60592e-07,0.892211,0.451619
12.1179,-3.598,0.0799965,-9.62804e-08,-1.7823e-07,0.874648,0.484758
12.0912,-3.55193,0.0799965,-6.89438e-08,-1.67217e-07,0.857856,0.51389
12.0673,-3.50436,0.0799964,-5.22948e-08,-6.68408e-08,0.843914,0.536479
12.0458,-3.45535,0.0799964,-5.64898e-08,-5.99061e-08,0.830497,0.557024
12.0261,-3.40456,0.0799964,-3.571e-08,-2.84809e-08,0.820493,0.571656
12.0081,-3.35367,0.0799965,-1.09846e-07,-1.34871e-07,0.812491,0.582973
11.9913,-3.30167,0.0799965,-6.77555e-08,-2.91578e-08,0.804806,0.593537
11.9757,-3.24993,0.0799965,1.04848e-08,3.60784e-09,0.800864,0.598846
11.9606,-3.1974,0.0799965,-1.10779e-08,-9.96111e-09,0.797303,0.603579
11.9457,-3.14481,0.0799965,-4.10263e-08,-5.83285e-08,0.799165,0.601111
11.9306,-3.09309,0.0799965,-8.3212e-09,-1.21267e-08,0.799524,0.600634
